<?xml version="1.0" encoding="UTF-8"?>
<beans xmlns="http://www.springframework.org/schema/beans"
       xmlns:xsi="http://www.w3.org/2001/XMLSchema-instance"
       xsi:schemaLocation="http://www.springframework.org/schema/beans
       http://www.springframework.org/schema/beans/spring-beans-2.5.xsd"> 
	
	<!--  This is Database Configuration -->
	<bean id="dataSource" class="org.springframework.jdbc.datasource.DriverManagerDataSource">
		<property name="driverClassName"><value>com.mysql.jdbc.Driver</value></property>
		<property name="url"><value>jdbc:mysql://localhost:3306/technicalkeeda</value></property>
		<property name="username"><value>root</value></property>
		<property name="password"><value></value></property>
	</bean>
	
	<bean id="movieDao" class="com.technicalkeeda.dao.impl.MovieDaoImpl">	
		<property name="sessionFactory" ref="hibernateSessionFactory"/>
	</bean>	
	
	<bean id="hibernateSessionFactory" class="org.springframework.orm.hibernate3.annotation.AnnotationSessionFactoryBean">
		<property name="dataSource" ref="dataSource"/>
		<property name="annotatedClasses">
			<list><value>com.technicalkeeda.entities.Movie</value></list>
		</property>
		<property name="hibernateProperties">
			<props>
				<prop key="hibernate.dialect">org.hibernate.dialect.MySQLDialect</prop>
				<prop key="hibernate.show_sql">true</prop>
				<prop key="hibernate.hbm2ddl.auto">create</prop>
			</props>
		</property>
	</bean>
		
</beans>