<?xml version="1.0" encoding="UTF-8"?>
<beans xmlns="http://www.springframework.org/schema/beans"
       xmlns:xsi="http://www.w3.org/2001/XMLSchema-instance"
       xmlns:context="http://www.springframework.org/schema/context"
       xsi:schemaLocation="http://www.springframework.org/schema/beans http://www.springframework.org/schema/beans/spring-beans.xsd http://www.springframework.org/schema/context http://www.springframework.org/schema/context/spring-context.xsd">

    <context:component-scan base-package="com.qsoft.dao" />
    <bean id="entityManager"
          class="org.springframework.orm.jpa.support.SharedEntityManagerBean">
        <property name="entityManagerFactory" ref="entityManagerFactoryBean" />
    </bean>

    <bean id="entityManagerFactoryBean"
          class="org.springframework.orm.jpa.LocalContainerEntityManagerFactoryBean">
        <property name="dataSource" ref="dataSource" />
        <property name="persistenceXmlLocation" value="/META-INF/persistence.xml"/>
        <property name="persistenceUnitName" value="MyPersistenceUnit" />

        <property name="jpaVendorAdapter">
            <bean class="org.springframework.orm.jpa.vendor.HibernateJpaVendorAdapter">
                <property name="showSql" value="true" />
                <property name="generateDdl" value="true" />
            </bean>
        </property>
    </bean>


    <!--  This is Database Configuration -->
    <bean id="dataSource" class="org.springframework.jdbc.datasource.DriverManagerDataSource">
        <property name="driverClassName"><value>org.postgresql.Driver</value></property>
        <property name="url"><value>jdbc:postgresql://localhost:5432/Machine</value></property>
        <property name="username"><value>admin</value></property>
        <property name="password"><value>09020510</value></property>
    </bean>

    <bean id="ModelDAO" class="com.qsoft.dao.Impl.ModelDAOImpl">

    </bean>
</beans>